Trường,STT,Mã ngành,Tên ngành,Tổ hợp môn,Điểm chuẩn,Ghi chú
Đại học Khoa học Sức khỏe,1,Dược học,7720201,B00; A00,21.5,Thang điểm 30
Đại học Khoa học Sức khỏe,2,Điều dưỡng,7720301,B00; A02,18.0,Thang điểm 30
Đại học Khoa học Sức khỏe,3,Răng - Hàm - Mặt,7720501,B00; A02,25.0,Thang điểm 30
Đại học Khoa học Sức khỏe,4,Y học cổ truyền,7720115,B00; A02,20.1,Thang điểm 30
Đại học Khoa học Sức khỏe,5,Y khoa,7720101,B00; A02,25.6,Thang điểm 30
Đại học Bách Khoa,1,Khoa học Máy tính,106,A00; A01; X06; X07; X08,85.41,
Đại học Bách Khoa,2,Kỹ thuật Máy tính,107,A00; A01; X06; X07; X08,82.91,
Đại học Bách Khoa,3,Điện - Điện tử - Viễn Thông - Tự động hoá - Thiết kế vi mạch,108,A00; A01; X06; X07; X08,80.77,
Đại học Bách Khoa,4,Kỹ Thuật Cơ khí,109,A00; A01; X06; X07,75.43,
Đại học Bách Khoa,5,Kỹ Thuật Cơ Điện tử,110,A00; A01; X06; X07; X08,81.82,
Đại học Bách Khoa,6,Dệt - May,112,A00; A01; X06; X07; X08,60.75,
Đại học Bách Khoa,7,Hoá - Thực phẩm - Sinh học,114,B00; A00; D07; X10; X12; X11; B08,75.43,
Đại học Bách Khoa,8,Xây dựng và Quản lý Dự án Xây dựng,115,A00; A01; X06; X07; X08,55.05,
Đại học Bách Khoa,9,Kiến Trúc,117,A01; X08; X07; D01; X03; X04,67.42,
Đại học Bách Khoa,10,Dầu khí - Địa chất,120,A00; A01; X07; X08,60.0,
Đại học Bách Khoa,11,Quản lý Công nghiệp,123,A00; A01; X06; X07; X08; D01; D07; X26; X27; X28,75.98,
Đại học Bách Khoa,12,Tài nguyên và Môi trường,125,A00; A01; X07; X08; B00; D07; X11; X12,60.93,
Đại học Bách Khoa,13,Logistics và Hệ thống Công nghiệp,128,A00; A01; X06; X60; X61,80.52,
Đại học Bách Khoa,14,Kỹ thuật Vật liệu,129,A00; A01; X07; X08; B00; D07; X11; X12,71.1,
Đại học Bách Khoa,15,Vật lý Kỹ thuật,137,A02; A00; A01; X06; X07; X08,76.61,
Đại học Bách Khoa,16,Cơ Kỹ thuật,138,A00; A01; X06; X07,75.98,
Đại học Bách Khoa,17,Kỹ thuật Nhiệt,140,A00; A01; X06; X07; X08,73.5,
Đại học Bách Khoa,18,Bảo dưỡng Công nghiệp,141,A00; A01; X06; X07,65.59,
Đại học Bách Khoa,19,Kỹ thuật Ô tô,142,A00; A01; X06; X07,76.34,
Đại học Bách Khoa,20,(Song ngành) Tàu thủy - Hàng không,145,A00; A01; X06; X07; X08,76.63,
Đại học Bách Khoa,21,Khoa học Dữ liệu,146,A00; A01; X06; X07,83.85,
Đại học Bách Khoa,22,Địa Kỹ thuật Xây dựng,147,A00; A01; X07,55.06,
Đại học Bách Khoa,23,Kinh tế Xây dựng,148,A00; A01; X06; X07,55.72,
Đại học Bách Khoa,24,Quản trị Kinh doanh (Ngành mới),153,A00; A01; X06; X07; X08; D01; D07; X26; X27,71.24,
Đại học Bách Khoa,50,Cơ Kỹ thuật,268,A00; A01; X06; X07,69.4,
Đại học Bách Khoa,51,"Khoa học Máy tính | Úc, New Zealand, Mỹ",306,A00; A01; X06; X07,72.9,
Đại học Bách Khoa,52,"Kỹ thuật Máy tính | Úc, New Zealand",307,A00; A01; X06; X07,67.68,
Đại học Bách Khoa,53,"Kỹ thuật Điện - Điện tử | Úc, Hàn Quốc",308,A00; A01; X06; X07,65.52,
Đại học Bách Khoa,54,"Kỹ thuật Cơ khí | Mỹ, Úc",309,A00; A01; X06; X07,74.3,
Đại học Bách Khoa,55,"Kỹ thuật Cơ Điện tử | Mỹ, Úc",310,A00; A01; X06; X07,78.44,
Đại học Bách Khoa,56,Kỹ thuật Hóa học | Úc,314,A00; B00; B08; D07; X10; X11,63.3,
Đại học Bách Khoa,57,Kỹ thuật Xây dựng | Úc,315,A00; A01; X06; X07,56.2,
Đại học Bách Khoa,58,Công nghệ Thực phẩm | New Zealand,319,A00; B00; B08; D07; X10; X11,56.2,
Đại học Bách Khoa,59,Quản lý Công nghiệp | Úc,323,A00; A01; D01; D07; X06; X07; X26; X27,61.08,
Đại học Bách Khoa,60,"Kỹ thuật Môi trường, Quản lý Tài nguyên & Môi trường | Úc",325,A00; A01; B00; D07; X07; X11,55.46,
Đại học Bách Khoa,61,Kỹ thuật Ô tô | Úc,342,A00; A01; X06; X07,69.49,
Đại học Bách Khoa,62,Kỹ thuật Hàng không | Úc,345,A00; A01; X06; X07,78.79,
Đại học Bách Khoa,63,Trí tuệ Nhân tạo | ĐH Công nghệ Sydney (Úc) cấp bằng,406,A00; A01; X06; X07; X08,65.5,
Đại học Bách Khoa,64,Công nghệ Thông tin | ĐH Công nghệ Sydney (Úc) cấp bằng,416,A00; A01; X06; X07; X08,57.38,
Đại học Khoa học Tự nhiên,1,Công nghệ giáo dục,7140103,A01; X26,22.88,
Đại học Khoa học Tự nhiên,2,Công nghệ giáo dục,7140103,D01; D07,22.5,
Đại học Khoa học Tự nhiên,3,Công nghệ giáo dục,7140103,B03; B08; X14,23.13,
Đại học Khoa học Tự nhiên,4,Công nghệ giáo dục,7140103,A00; C01; C02; X02; X06; X10,24.25,
Đại học Khoa học Tự nhiên,5,Sinh học,7420101,A02,22.1,
Đại học Khoa học Tự nhiên,6,Sinh học,7420101,B00; B03; B08; X15; X16,20.96,
Đại học Khoa học Tự nhiên,7,Sinh học,7420101,X28,20.57,
Đại học Khoa học Tự nhiên,8,Sinh học (CTTCTA),7420101_DKD,A02,21.5,
Đại học Khoa học Tự nhiên,9,Sinh học (CTTCTA),7420101_DKD,B00; B03; B08; X15; X16,20.25,
Đại học Khoa học Tự nhiên,10,Sinh học (CTTCTA),7420101_DKD,X28,20.06,
Đại học Khoa học Tự nhiên,11,Công nghệ Sinh học,7420201,A02,24.72,
Đại học Khoa học Tự nhiên,12,Công nghệ Sinh học,7420201,B00; B03; B08; X15; X16,23.72,
Đại học Khoa học Tự nhiên,13,Công nghệ Sinh học,7420201,X28,22.86,
Đại học Khoa học Tự nhiên,14,Công nghệ Sinh học (CT TCTA),7420201_DKD,A02,24.3,
Đại học Khoa học Tự nhiên,15,Công nghệ Sinh học (CT TCTA),7420201_DKD,B00; B03; B08; X15; X16,23.15,
Đại học Khoa học Tự nhiên,16,Công nghệ Sinh học (CT TCTA),7420201_DKD,X28,22.55,
Đại học Khoa học Tự nhiên,17,Vật lý học (CT TCTA),7440102_DKD,A00; A02; A03; A04; X05; X06; X07; X08,24.4,
Đại học Khoa học Tự nhiên,18,Vật lý học (CT TCTA),7440102_DKD,A01,23.1,
Đại học Khoa học Tự nhiên,19,Vật lý học (CT TCTA),7440102_DKD,C01,24.4,
Đại học Khoa học Tự nhiên,20,"Nhóm ngành Vật lý học (CT: 150), Công nghệ Vật lý điện tử và tin học (CT: 60), Công nghệ bán dẫn (CT: 60)",7440102_NN,A00; A02; A03; A04; X05; X06; X07; X08,26.75,
Đại học Khoa học Tự nhiên,21,"Nhóm ngành Vật lý học (CT: 150), Công nghệ Vật lý điện tử và tin học (CT: 60), Công nghệ bán dẫn (CT: 60)",7440102_NN,A01,25.5,
Đại học Khoa học Tự nhiên,22,"Nhóm ngành Vật lý học (CT: 150), Công nghệ Vật lý điện tử và tin học (CT: 60), Công nghệ bán dẫn (CT: 60)",7440102_NN,C01,26.25,
Đại học Khoa học Tự nhiên,23,Hóa học,7440112,A00; A02; X07; X08; X12,26.18,
Đại học Khoa học Tự nhiên,24,Hóa học,7440112,B00,25.37,
Đại học Khoa học Tự nhiên,25,Hóa học,7440112,C02,25.87,
Đại học Khoa học Tự nhiên,26,Hóa học,7440112,D07; X11,24.68,
Đại học Khoa học Tự nhiên,27,Hóa học (CT TCTA),7440112_DKD,A00; A02; X07; X08; X12,24.25,
Đại học Khoa học Tự nhiên,28,Hóa học (CT TCTA),7440112_DKD,B00,23.13,
Đại học Khoa học Tự nhiên,29,Hóa học (CT TCTA),7440112_DKD,C02,24.25,
Đại học Khoa học Tự nhiên,30,Hóa học (CT TCTA),7440112_DKD,D07; X11,22.5,
Đại học Khoa học Tự nhiên,31,Khoa học Vật liệu,7440122,A00; A02; X06; X10,24.1,
Đại học Khoa học Tự nhiên,32,Khoa học Vật liệu,7440122,A01,22.65,
Đại học Khoa học Tự nhiên,33,Khoa học Vật liệu,7440122,B00; B03; B08; X14,23.05,
Đại học Khoa học Tự nhiên,34,Khoa học Vật liệu,7440122,C01; C02,24.1,
Đại học Khoa học Tự nhiên,35,Khoa học Vật liệu,7440122,D07,22.35,
Đại học Khoa học Tự nhiên,36,Khoa học Vật liệu (CTTCTA),7440122_DKD,D07,21.35,
Đại học Khoa học Tự nhiên,37,Khoa học Vật liệu (CTTCTA),7440122_DKD,A00; A02; X06; X10,23.2,
Đại học Khoa học Tự nhiên,38,Khoa học Vật liệu (CTTCTA),7440122_DKD,A01,21.85,
Đại học Khoa học Tự nhiên,39,Khoa học Vật liệu (CTTCTA),7440122_DKD,B00; B03; B08; X14,22.1,
Đại học Khoa học Tự nhiên,40,Khoa học Vật liệu (CTTCTA),7440122_DKD,C01; C02,23.35,
Đại học Khoa học Tự nhiên,41,"Nhóm ngành Địa chất học (CT: 40), Kinh tế đất đai (CT: 50)",7440201_NN,A00; A06,22.3,
Đại học Khoa học Tự nhiên,42,"Nhóm ngành Địa chất học (CT: 40), Kinh tế đất đai (CT: 50)",7440201_NN,A01; X26,21.05,
Đại học Khoa học Tự nhiên,43,"Nhóm ngành Địa chất học (CT: 40), Kinh tế đất đai (CT: 50)",7440201_NN,B00; B02,21.19,
Đại học Khoa học Tự nhiên,44,"Nhóm ngành Địa chất học (CT: 40), Kinh tế đất đai (CT: 50)",7440201_NN,A07; C01; C02; C04; X02,22.55,
Đại học Khoa học Tự nhiên,45,"Nhóm ngành Địa chất học (CT: 40), Kinh tế đất đai (CT: 50)",7440201_NN,D01; D10,20.71,
Đại học Khoa học Tự nhiên,46,"Nhóm ngành Địa chất học (CT: 40), Kinh tế đất đai (CT: 50)",7440201_NN,D07,20.46,
Đại học Khoa học Tự nhiên,47,Hải dương học,7440228,C01,22.65,
Đại học Khoa học Tự nhiên,48,Hải dương học,7440228,A00; A02; A04; X06; X07; X08; X10,22.4,
Đại học Khoa học Tự nhiên,49,Hải dương học,7440228,A01,21.15,
Đại học Khoa học Tự nhiên,50,Khoa học Môi trường,7440301,A00; A02; A06; X06; X10; X12,21.2,
Đại học Khoa học Tự nhiên,51,Khoa học Môi trường,7440301,A01,20.06,
Đại học Khoa học Tự nhiên,52,Khoa học Môi trường,7440301,B00; B02; B03; B08; X14; X15; X16,19.95,
Đại học Khoa học Tự nhiên,53,Khoa học Môi trường,7440301,C02,21.81,
Đại học Khoa học Tự nhiên,54,Khoa học Môi trường,7440301,D07; X11,19.39,
Đại học Khoa học Tự nhiên,55,Khoa học Môi trường (CTTCTA),7440301_DKD,C02,20.0,
Đại học Khoa học Tự nhiên,56,Khoa học Môi trường (CTTCTA),7440301_DKD,D07; X11,17.0,
Đại học Khoa học Tự nhiên,57,Khoa học Môi trường (CTTCTA),7440301_DKD,A00; A02; A06; X06; X10; X12,19.0,
Đại học Khoa học Tự nhiên,58,Khoa học Môi trường (CTTCTA),7440301_DKD,A01,18.0,
Đại học Khoa học Tự nhiên,59,Khoa học Môi trường (CTTCTA),7440301_DKD,B00; B02; B03; B08; X14; X15; X16,17.6,
Đại học Khoa học Tự nhiên,60,"Nhóm ngành Toán học (Toán học, Toán ứng dụng, Toán tin)",7460101_NN,A00; X06,26.61,
Đại học Khoa học Tự nhiên,61,"Nhóm ngành Toán học (Toán học, Toán ứng dụng, Toán tin)",7460101_NN,A01; X26,25.36,
Đại học Khoa học Tự nhiên,62,"Nhóm ngành Toán học (Toán học, Toán ứng dụng, Toán tin)",7460101_NN,B00; B08,25.66,
Đại học Khoa học Tự nhiên,63,"Nhóm ngành Toán học (Toán học, Toán ứng dụng, Toán tin)",7460101_NN,D01,24.66,
Đại học Khoa học Tự nhiên,64,"Nhóm ngành Toán học (Toán học, Toán ứng dụng, Toán tin)",7460101_NN,D07,25.11,
Đại học Khoa học Tự nhiên,65,"Nhóm ngành Khoa học dữ liệu (CT:80), Thống kê (CT:40)",7460108_NN,D07,27.67,
Đại học Khoa học Tự nhiên,66,"Nhóm ngành Khoa học dữ liệu (CT:80), Thống kê (CT:40)",7460108_NN,A00; X06,28.5,
Đại học Khoa học Tự nhiên,67,"Nhóm ngành Khoa học dữ liệu (CT:80), Thống kê (CT:40)",7460108_NN,A01; X26,27.92,
Đại học Khoa học Tự nhiên,68,"Nhóm ngành Khoa học dữ liệu (CT:80), Thống kê (CT:40)",7460108_NN,B00; B08,27.92,
Đại học Khoa học Tự nhiên,69,"Nhóm ngành Khoa học dữ liệu (CT:80), Thống kê (CT:40)",7460108_NN,D01,27.17,
Đại học Khoa học Tự nhiên,70,Khoa học máy tính (CTTiên tiến),7480101_TT,A00; X06,29.92,
Đại học Khoa học Tự nhiên,71,Khoa học máy tính (CTTiên tiến),7480101_TT,A01; B08; X26,29.81,
Đại học Khoa học Tự nhiên,72,Khoa học máy tính (CTTiên tiến),7480101_TT,D07,29.56,
Đại học Khoa học Tự nhiên,73,Trí tuệ nhân tạo,7480107,A00; X06,29.39,
Đại học Khoa học Tự nhiên,74,Trí tuệ nhân tạo,7480107,A01; B08; X26,29.1,
Đại học Khoa học Tự nhiên,75,Trí tuệ nhân tạo,7480107,D07,28.85,
Đại học Khoa học Tự nhiên,76,Công nghệ thông tin (CT TCTA),7480201_DKD,B08,24.99,
Đại học Khoa học Tự nhiên,77,Công nghệ thông tin (CT TCTA),7480201_DKD,D07,24.37,
Đại học Khoa học Tự nhiên,78,Công nghệ thông tin (CT TCTA),7480201_DKD,A00; X06,25.87,
Đại học Khoa học Tự nhiên,79,Công nghệ thông tin (CT TCTA),7480201_DKD,A01; X26,24.62,
Đại học Khoa học Tự nhiên,80,Nhóm ngành máy tính và Công nghệ thông tin (Công nghệ thông tin; Kỹ thuật phần mềm; Hệ thống thông tin; Khoa học máy tính),7480201_NN,A00; X06,27.27,
Đại học Khoa học Tự nhiên,81,Nhóm ngành máy tính và Công nghệ thông tin (Công nghệ thông tin; Kỹ thuật phần mềm; Hệ thống thông tin; Khoa học máy tính),7480201_NN,A01; X26,26.27,
Đại học Khoa học Tự nhiên,82,Nhóm ngành máy tính và Công nghệ thông tin (Công nghệ thông tin; Kỹ thuật phần mềm; Hệ thống thông tin; Khoa học máy tính),7480201_NN,B08,26.66,
Đại học Khoa học Tự nhiên,83,Nhóm ngành máy tính và Công nghệ thông tin (Công nghệ thông tin; Kỹ thuật phần mềm; Hệ thống thông tin; Khoa học máy tính),7480201_NN,D07,26.16,
Đại học Khoa học Tự nhiên,84,Công nghệ kỹ thuật Hóa học (CTTCTA),7510401_DKD,D07; X11,23.61,
Đại học Khoa học Tự nhiên,85,Công nghệ kỹ thuật Hóa học (CTTCTA),7510401_DKD,A00; A02; X07; X08; X12,25.22,
Đại học Khoa học Tự nhiên,86,Công nghệ kỹ thuật Hóa học (CTTCTA),7510401_DKD,B00,24.22,
Đại học Khoa học Tự nhiên,87,Công nghệ kỹ thuật Hóa học (CTTCTA),7510401_DKD,C02,25.08,
Đại học Khoa học Tự nhiên,88,Công nghệ Vật liệu,7510402,A00; A02; X06; X10,25.07,
Đại học Khoa học Tự nhiên,89,Công nghệ Vật liệu,7510402,A01,23.82,
Đại học Khoa học Tự nhiên,90,Công nghệ Vật liệu,7510402,B00; B03; B08; X14,24.07,
Đại học Khoa học Tự nhiên,91,Công nghệ Vật liệu,7510402,C01; C02,24.86,
Đại học Khoa học Tự nhiên,92,Công nghệ Vật liệu,7510402,D07,23.54,
Đại học Khoa học Tự nhiên,93,Công nghệ Kỹ thuật Môi trường,7510406,D07; X11,19.56,
Đại học Khoa học Tự nhiên,94,Công nghệ Kỹ thuật Môi trường,7510406,A00; A02; A06; X06; X10; X12,21.5,
Đại học Khoa học Tự nhiên,95,Công nghệ Kỹ thuật Môi trường,7510406,A01; B00; B02; B03; B08; X14; X15; X16,20.25,
Đại học Khoa học Tự nhiên,96,Công nghệ Kỹ thuật Môi trường,7510406,C02,22.0,
Đại học Khoa học Tự nhiên,97,Kỹ thuật điện tử - viễn thông,7520207,A00; A02; X06; X07,26.6,
Đại học Khoa học Tự nhiên,98,Kỹ thuật điện tử - viễn thông,7520207,A01; X26,25.35,
Đại học Khoa học Tự nhiên,99,Kỹ thuật điện tử - viễn thông,7520207,C01,26.15,
Đại học Khoa học Tự nhiên,100,Kỹ thuật điện tử - viễn thông,7520207,X27,25.1,
Đại học Khoa học Tự nhiên,101,Kỹ thuật điện tử - viễn thông (CT TCTA),7520207_DKD,A00; A02; X06; X07,25.7,
Đại học Khoa học Tự nhiên,102,Kỹ thuật điện tử - viễn thông (CT TCTA),7520207_DKD,A01; X26,24.45,
Đại học Khoa học Tự nhiên,103,Kỹ thuật điện tử - viễn thông (CT TCTA),7520207_DKD,C01,25.5,
Đại học Khoa học Tự nhiên,104,Kỹ thuật điện tử - viễn thông (CT TCTA),7520207_DKD,X27,24.15,
Đại học Khoa học Tự nhiên,105,Thiết kế vi mạch,75202a1,A01; X26,27.61,
Đại học Khoa học Tự nhiên,106,Thiết kế vi mạch,75202a1,C01,27.77,
Đại học Khoa học Tự nhiên,107,Thiết kế vi mạch,75202a1,X27,27.36,
Đại học Khoa học Tự nhiên,108,Thiết kế vi mạch,75202a1,A00; A02; X06; X07,28.27,
Đại học Khoa học Tự nhiên,109,Kỹ thuật hạt nhân,7520402,A00; A02; A03; A04; X05; X06; X07; X08,25.95,
Đại học Khoa học Tự nhiên,110,Kỹ thuật hạt nhân,7520402,A01,24.7,
Đại học Khoa học Tự nhiên,111,Kỹ thuật hạt nhân,7520402,C01,25.7,
Đại học Khoa học Tự nhiên,112,Vật lý y khoa,7520403,A00; A02; A03; A04; X05; X06; X07; X08,26.13,
Đại học Khoa học Tự nhiên,113,Vật lý y khoa,7520403,A01,24.88,
Đại học Khoa học Tự nhiên,114,Vật lý y khoa,7520403,C01,25.84,
Đại học Khoa học Tự nhiên,115,Kỹ thuật địa chất,7520501,A00; X06,22.7,
Đại học Khoa học Tự nhiên,116,Kỹ thuật địa chất,7520501,A01; B00; X26,21.45,
Đại học Khoa học Tự nhiên,117,Kỹ thuật địa chất,7520501,C01; C02; C04,22.95,
Đại học Khoa học Tự nhiên,118,Kỹ thuật địa chất,7520501,D01; D10,21.15,
Đại học Khoa học Tự nhiên,119,Kỹ thuật địa chất,7520501,D07,20.9,
Đại học Khoa học Tự nhiên,120,Quản lý tài nguyên và môi trường,7850101,A00; A02; A06; X06; X10; X12,22.0,
Đại học Khoa học Tự nhiên,121,Quản lý tài nguyên và môi trường,7850101,A01; B00; B02; B03; B08; X14; X15; X16,20.75,
Đại học Khoa học Tự nhiên,122,Quản lý tài nguyên và môi trường,7850101,C02,22.25,
Đại học Khoa học Tự nhiên,123,Quản lý tài nguyên và môi trường,7850101,D07; X11,20.25,
Đại học Công nghệ Thông tin,1,Truyền thông Đa phương tiện,7320104,A01; D01; X26; D09; D10; D07,25.0,
Đại học Công nghệ Thông tin,2,Thương mại điện tử,7340122,A00; A01; D01; X26; X06; D07,24.57,
Đại học Công nghệ Thông tin,3,Khoa học dữ liệu,7460108,A00; A01; D01; X26; X06; D07; A02,27.7,
Đại học Công nghệ Thông tin,4,Khoa học máy tính,7480101,A00; A01; D01; X26; X06; D07,27.2,
Đại học Công nghệ Thông tin,5,Mạng máy tính và truyền thông dữ liệu,7480102,A00; A01; D01; X26; X06; D07; X14,24.0,
Đại học Công nghệ Thông tin,6,Kỹ thuật phần mềm,7480103,A00; A01; D01; X26; X06; D07,26.0,
Đại học Công nghệ Thông tin,7,Hệ thống thông tin,7480104,A00; A01; D01; X26; X06; D07; D08,24.7,
Đại học Công nghệ Thông tin,8,Hệ thống thông tin (tiên tiến),7480104_TT,A01; D01; X26; D07; D08,24.2,
Đại học Công nghệ Thông tin,9,Kỹ thuật máy tính,7480106,A00; A01; X06; X26,25.3,
Đại học Công nghệ Thông tin,10,Trí tuệ nhân tạo,7480107,A00; A01; D01; X26; X06; D07,29.6,
Đại học Công nghệ Thông tin,11,Công nghệ thông tin,7480201,A00; A01; D01; X26; X06; D07,26.6,
Đại học Công nghệ Thông tin,12,Công nghệ thông tin Việt Nhật,7480201_VN,A00; A01; D01; X26; X06; D07; D06,24.2,
Đại học Công nghệ Thông tin,13,An toàn thông tin,7480202,A00; A01; D01; X26; X06; D07,26.27,
Đại học Công nghệ Thông tin,14,Thiết kế Vi mạch,752020A1,A00; A01; X06; X26,27.0,
Đại học Kinh tế Luật,1,Kinh tế (Chuyên ngành Kinh tế học),7310101_401,D01; D07; X25; X26,24.8,
Đại học Kinh tế Luật,2,Kinh tế (Chuyên ngành Kinh tế học),7310101_401,A00; A01,25.42,
Đại học Kinh tế Luật,3,Kinh tế (Chuyên ngành Kinh tế và Quản lý công),7310101_403,D01; D07; X25; X26,24.25,
Đại học Kinh tế Luật,4,Kinh tế (Chuyên ngành Kinh tế và Quản lý công),7310101_403,A00; A01,24.73,
Đại học Kinh tế Luật,5,Kinh tế quốc tế (Chuyên ngành Kinh tế đối ngoại),7310106_402,D01; D07; X25; X26,26.33,
Đại học Kinh tế Luật,6,Kinh tế quốc tế (Chuyên ngành Kinh tế đối ngoại),7310106_402,A00; A01,27.28,
Đại học Kinh tế Luật,7,"Toán kinh tế (Chuyên ngành Toán ứng dụng trong Kinh tế, Quản trị và Tài chính)",7310108_413,D01; D07; X25; X26,25.0,
Đại học Kinh tế Luật,8,"Toán kinh tế (Chuyên ngành Toán ứng dụng trong Kinh tế, Quản trị và Tài chính)",7310108_413,A00; A01,25.75,
Đại học Kinh tế Luật,9,"Toán kinh tế (Chuyên ngành Toán ứng dụng trong Kinh tế, Quản trị và Tài chính) (Tiếng Anh)",7310108_413E,D01; D07; X25; X26,23.58,
Đại học Kinh tế Luật,10,"Toán kinh tế (Chuyên ngành Toán ứng dụng trong Kinh tế, Quản trị và Tài chính) (Tiếng Anh)",7310108_413E,A00; A01,24.03,
Đại học Kinh tế Luật,11,Toán kinh tế (Chuyên ngành Phân tích dữ liệu),7310108_419,D01; D07; X25; X26,25.63,
Đại học Kinh tế Luật,12,Toán kinh tế (Chuyên ngành Phân tích dữ liệu),7310108_419,A00; A01,26.43,
Đại học Kinh tế Luật,13,Quản trị kinh doanh (Chuyên ngành Quản trị kinh doanh),7340101_407,A00; A01,26.59,
Đại học Kinh tế Luật,14,Quản trị kinh doanh (Chuyên ngành Quản trị kinh doanh),7340101_407,D01; D07; X25; X26,25.75,
Đại học Kinh tế Luật,15,Quản trị kinh doanh (Chuyên ngành Quản trị kinh doanh) (Tiếng Anh),7340101_407E,A00; A01,25.55,
Đại học Kinh tế Luật,16,Quản trị kinh doanh (Chuyên ngành Quản trị kinh doanh) (Tiếng Anh),7340101_407E,D01; D07; X25; X26,24.93,
Đại học Kinh tế Luật,17,Quản trị kinh doanh (Chuyên ngành Quản trị du lịch và lữ hành),7340101_415,A00; A01,24.57,
Đại học Kinh tế Luật,18,Quản trị kinh doanh (Chuyên ngành Quản trị du lịch và lữ hành),7340101_415,D01; D07; X25; X26,24.25,
Đại học Kinh tế Luật,19,Marketing (Chuyên ngành Marketing),7340115_410,D01; D07; X25; X26,26.43,
Đại học Kinh tế Luật,20,Marketing (Chuyên ngành Marketing),7340115_410,A00; A01,27.32,
Đại học Kinh tế Luật,21,Marketing (Chuyên ngành Marketing) (Tiếng Anh),7340115_410E,D01; D07; X25; X26,25.5,
Đại học Kinh tế Luật,22,Marketing (Chuyên ngành Marketing) (Tiếng Anh),7340115_410E,A00; A01,26.2,
Đại học Kinh tế Luật,23,Marketing (Chuyên ngành Digital Marketing),7340115_417,D01; D07; X25; X26,26.5,
Đại học Kinh tế Luật,24,Marketing (Chuyên ngành Digital Marketing),7340115_417,A00; A01,27.54,
Đại học Kinh tế Luật,25,Kinh doanh quốc tế,7340120_408,D01; D07; X25; X26,26.79,
Đại học Kinh tế Luật,26,Kinh doanh quốc tế,7340120_408,A00; A01,27.84,
Đại học Kinh tế Luật,27,Kinh doanh quốc tế (Tiếng Anh),7340120_408E,D01; D07; X25; X26,26.0,
Đại học Kinh tế Luật,28,Kinh doanh quốc tế (Tiếng Anh),7340120_408E,A00; A01,26.75,
Đại học Kinh tế Luật,29,Kinh doanh quốc tế (Chuyên ngành Quản lý chuỗi cung ứng và Logistics quốc tế),7340120_420,D01; D07; X25; X26,26.9,
Đại học Kinh tế Luật,30,Kinh doanh quốc tế (Chuyên ngành Quản lý chuỗi cung ứng và Logistics quốc tế),7340120_420,A00; A01,28.08,
Đại học Kinh tế Luật,31,Thương mại điện tử,7340122_411,D01; D07; X25; X26,26.67,
Đại học Kinh tế Luật,32,Thương mại điện tử,7340122_411,A00; A01,27.7,
Đại học Kinh tế Luật,33,Thương mại điện tử (Tiếng Anh),7340122_411E,D01; D07; X25; X26,25.73,
Đại học Kinh tế Luật,34,Thương mại điện tử (Tiếng Anh),7340122_411E,A00; A01,26.49,
Đại học Kinh tế Luật,35,Tài chính - Ngân hàng,7340201_404,A00; A01,26.37,
Đại học Kinh tế Luật,36,Tài chính - Ngân hàng,7340201_404,D01; D07; X25; X26,25.53,
Đại học Kinh tế Luật,37,Tài chính - Ngân hàng (Tiếng Anh),7340201_404E,A00; A01,25.4,
Đại học Kinh tế Luật,38,Tài chính - Ngân hàng (Tiếng Anh),7340201_404E,D01; D07; X25; X26,24.78,
Đại học Kinh tế Luật,39,Công nghệ tài chính,7340205_414,A00; A01,26.55,
Đại học Kinh tế Luật,40,Công nghệ tài chính,7340205_414,D01; D07; X25; X26,25.75,
Đại học Kinh tế Luật,41,Công nghệ tài chính (Chương trình Co-operative Education),7340205_414H,D01; D07; X25; X26,26.0,
Đại học Kinh tế Luật,42,Công nghệ tài chính (Chương trình Co-operative Education),7340205_414H,A00; A01,27.0,
Đại học Kinh tế Luật,43,Kế toán,7340301_405,D01; D07; X25; X26,25.25,
Đại học Kinh tế Luật,44,Kế toán,7340301_405,A00; A01,25.85,
Đại học Kinh tế Luật,45,Kế toán (Tích hợp chứng chỉ quốc tế ICAEW - Tiếng Anh),7340301_405E,D01; D07; X25; X26,23.75,
Đại học Kinh tế Luật,46,Kế toán (Tích hợp chứng chỉ quốc tế ICAEW - Tiếng Anh),7340301_405E,A00; A01,24.14,
Đại học Kinh tế Luật,47,Kiểm toán,7340302_409,D01; D07; X25; X26,25.75,
Đại học Kinh tế Luật,48,Kiểm toán,7340302_409,A00; A01,26.6,
Đại học Kinh tế Luật,49,Quản lý công,7340403_418,D01; D07; X25; X26,23.75,
Đại học Kinh tế Luật,50,Quản lý công,7340403_418,A00; A01,24.13,
Đại học Kinh tế Luật,51,Hệ thống thông tin quản lý (Chuyên ngành Hệ thống thông tin quản lý),7340405_406,D01; D07; X25; X26,25.75,
Đại học Kinh tế Luật,52,Hệ thống thông tin quản lý (Chuyên ngành Hệ thống thông tin quản lý),7340405_406,A00; A01,26.51,
Đại học Kinh tế Luật,53,Hệ thống thông tin quản lý (Chuyên ngành Hệ thống thông tin quản lý) (Chương trình Co-operative Education),7340405_406H,A00; A01,27.27,
Đại học Kinh tế Luật,54,Hệ thống thông tin quản lý (Chuyên ngành Hệ thống thông tin quản lý) (Chương trình Co-operative Education),7340405_406H,D01; D07; X25; X26,26.3,
Đại học Kinh tế Luật,55,Hệ thống thông tin quản lý (Chuyên ngành Kinh doanh số và Trí tuệ nhân tạo),7340405_416,A00; A01,26.33,
Đại học Kinh tế Luật,56,Hệ thống thông tin quản lý (Chuyên ngành Kinh doanh số và Trí tuệ nhân tạo),7340405_416,D01; D07; X25; X26,25.5,
Đại học Kinh tế Luật,57,Luật (Chuyên ngành Luật Dân sự),7380101_503,A00; A01,24.75,
Đại học Kinh tế Luật,58,Luật (Chuyên ngành Luật Dân sự),7380101_503,D01; D07; X25; X26,24.25,
Đại học Kinh tế Luật,59,Luật (Chuyên ngành Luật Dân sự) (Tiếng Anh),7380101_503E,D01; D07; X25; X26,23.5,
Đại học Kinh tế Luật,60,Luật (Chuyên ngành Luật Dân sự) (Tiếng Anh),7380101_503E,A00; A01,23.8,
Đại học Kinh tế Luật,61,Luật (Chuyên ngành Luật Tài chính - Ngân hàng),7380101_504,D01; D07; X25; X26,24.0,
Đại học Kinh tế Luật,62,Luật (Chuyên ngành Luật Tài chính - Ngân hàng),7380101_504,A00; A01,24.33,
Đại học Kinh tế Luật,63,Luật (Chuyên ngành Luật và Chính sách công),7380101_505,D01; D07; X25; X26,24.0,
Đại học Kinh tế Luật,64,Luật (Chuyên ngành Luật và Chính sách công),7380101_505,A00; A01,24.31,
Đại học Kinh tế Luật,65,Luật kinh tế (Chuyên ngành Luật Kinh doanh),7380107_501,D01; D07; X25; X26,25.5,
Đại học Kinh tế Luật,66,Luật kinh tế (Chuyên ngành Luật Kinh doanh),7380107_501,A00; A01,26.23,
Đại học Kinh tế Luật,67,Luật kinh tế (Chuyên ngành Luật Thương mại quốc tế),7380107_502,D01; D07; X25; X26,25.75,
Đại học Kinh tế Luật,68,Luật kinh tế (Chuyên ngành Luật Thương mại quốc tế),7380107_502,A00; A01,26.59,
Đại học Kinh tế Luật,69,Luật kinh tế (Chuyên ngành Luật thương mại quốc tế) (Tiếng Anh),7380107_502E,D01; D07; X25; X26,24.75,
Đại học Kinh tế Luật,70,Luật kinh tế (Chuyên ngành Luật thương mại quốc tế) (Tiếng Anh),7380107_502E,A00; A01,25.3,
Đại học KHXH và Nhân văn,1,Giáo dục học,7140101,B00,23.0,
Đại học KHXH và Nhân văn,2,Giáo dục học,7140101,C00,26.3,
Đại học KHXH và Nhân văn,3,Giáo dục học,7140101,C01,23.95,
Đại học KHXH và Nhân văn,4,Giáo dục học,7140101,D01,22.2,
Đại học KHXH và Nhân văn,5,Quản trị chất lượng giáo dục,7140107,C03,23.2,
Đại học KHXH và Nhân văn,6,Quản trị chất lượng giáo dục,7140107,D01,21.4,
Đại học KHXH và Nhân văn,7,Quản trị chất lượng giáo dục,7140107,D14,22.6,
Đại học KHXH và Nhân văn,8,Quản trị chất lượng giáo dục,7140107,D15,22.6,
Đại học KHXH và Nhân văn,9,Quản lý giáo dục,7140114,A01,24.4,
Đại học KHXH và Nhân văn,10,Quản lý giáo dục,7140114,C00,26.8,
Đại học KHXH và Nhân văn,11,Quản lý giáo dục,7140114,D01,22.6,
Đại học KHXH và Nhân văn,12,Quản lý giáo dục,7140114,D14,23.6,
Đại học KHXH và Nhân văn,13,Ngôn ngữ Anh (Chuẩn QT),7210201_CLC,D01,23.3,
Đại học KHXH và Nhân văn,14,Nghệ thuật học,7210213,C00,27.6,
Đại học KHXH và Nhân văn,15,Nghệ thuật học,7210213,D01,23.9,
Đại học KHXH và Nhân văn,16,Nghệ thuật học,7210213,D14,24.5,
Đại học KHXH và Nhân văn,17,Ngôn ngữ Anh,7220201,D01,23.65,
Đại học KHXH và Nhân văn,18,"Ngôn ngữ Anh (Liên kết ĐH Minnesota Crookston, Hoa Kỳ)",7220201_LKH,D01,21.5,
Đại học KHXH và Nhân văn,19,"Ngôn ngữ Anh (Liên kết ĐH Minnesota Crookston, Hoa Kỳ)",7220201_LKH,D14,22.1,
Đại học KHXH và Nhân văn,20,"Ngôn ngữ Anh (Liên kết ĐH Minnesota Crookston, Hoa Kỳ)",7220201_LKH,D15,22.1,
Đại học KHXH và Nhân văn,21,Ngôn ngữ Nga,7220202,D01,20.0,
Đại học KHXH và Nhân văn,22,Ngôn ngữ Nga,7220202,D02,20.5,
Đại học KHXH và Nhân văn,23,Ngôn ngữ Nga,7220202,D14,21.0,
Đại học KHXH và Nhân văn,24,Ngôn ngữ Pháp,7220203,D01,21.0,
Đại học KHXH và Nhân văn,25,Ngôn ngữ Pháp,7220203,D03,22.0,
Đại học KHXH và Nhân văn,26,Ngôn ngữ Pháp,7220203,D14,21.0,
Đại học KHXH và Nhân văn,27,Ngôn ngữ Trung Quốc,7220204,D01,23.29,
Đại học KHXH và Nhân văn,28,Ngôn ngữ Trung Quốc,7220204,D04,25.3,
Đại học KHXH và Nhân văn,29,Ngôn ngữ Trung Quốc,7220204,D14,23.3,
Đại học KHXH và Nhân văn,30,Ngôn ngữ Trung Quốc (QT),7220204_CLC,D04,22.3,
Đại học KHXH và Nhân văn,31,Ngôn ngữ Trung Quốc (QT),7220204_CLC,D01,22.5,
Đại học KHXH và Nhân văn,32,Ngôn ngữ Trung Quốc (QT),7220204_CLC,D14,22.5,
Đại học KHXH và Nhân văn,33,"Ngôn ngữ Trung Quốc (Liên kết ĐH Sư phạm Quảng Tây, Trung Quốc)",7220204_LKH,D01,22.2,
Đại học KHXH và Nhân văn,34,"Ngôn ngữ Trung Quốc (Liên kết ĐH Sư phạm Quảng Tây, Trung Quốc)",7220204_LKH,D04,22.1,
Đại học KHXH và Nhân văn,35,"Ngôn ngữ Trung Quốc (Liên kết ĐH Sư phạm Quảng Tây, Trung Quốc)",7220204_LKH,D14,22.7,
Đại học KHXH và Nhân văn,36,"Ngôn ngữ Trung Quốc (Liên kết ĐH Sư phạm Quảng Tây, Trung Quốc)",7220204_LKH,D15,22.7,
Đại học KHXH và Nhân văn,37,Ngôn ngữ Đức,7220205,D01,22.6,
Đại học KHXH và Nhân văn,38,Ngôn ngữ Đức,7220205,D05,23.0,
Đại học KHXH và Nhân văn,39,Ngôn ngữ Đức,7220205,D14,25.5,
Đại học KHXH và Nhân văn,40,Ngôn ngữ Đức (Chuẩn QT),7220205_CLC,D01,21.3,
Đại học KHXH và Nhân văn,41,Ngôn ngữ Đức (Chuẩn QT),7220205_CLC,D05,22.3,
Đại học KHXH và Nhân văn,42,Ngôn ngữ Đức (Chuẩn QT),7220205_CLC,D14,21.2,
Đại học KHXH và Nhân văn,43,Ngôn ngữ Tây Ban Nha,7220206,D01,21.6,
Đại học KHXH và Nhân văn,44,Ngôn ngữ Tây Ban Nha,7220206,D03,21.7,
Đại học KHXH và Nhân văn,45,Ngôn ngữ Tây Ban Nha,7220206,D05,21.6,
Đại học KHXH và Nhân văn,46,Ngôn ngữ Tây Ban Nha,7220206,D14,21.1,
Đại học KHXH và Nhân văn,47,Ngôn ngữ Italia,7220208,D01,20.1,
Đại học KHXH và Nhân văn,48,Ngôn ngữ Italia,7220208,D03,20.3,
Đại học KHXH và Nhân văn,49,Ngôn ngữ Italia,7220208,D05,20.3,
Đại học KHXH và Nhân văn,50,Ngôn ngữ Italia,7220208,D14,20.3,
Đại học KHXH và Nhân văn,51,Triết học,7229001,A01,22.9,
Đại học KHXH và Nhân văn,52,Triết học,7229001,C00,26.9,
Đại học KHXH và Nhân văn,53,Triết học,7229001,D01,21.9,
Đại học KHXH và Nhân văn,54,Triết học,7229001,D14,22.9,
Đại học KHXH và Nhân văn,55,Tôn giáo học,7229009,C00,25.9,
Đại học KHXH và Nhân văn,56,Tôn giáo học,7229009,D01,20.9,
Đại học KHXH và Nhân văn,57,Tôn giáo học,7229009,D14,21.85,
Đại học KHXH và Nhân văn,58,Lịch sử,7229010,C00,27.2,
Đại học KHXH và Nhân văn,59,Lịch sử,7229010,D01,22.2,
Đại học KHXH và Nhân văn,60,Lịch sử,7229010,D14,24.6,
Đại học KHXH và Nhân văn,61,Lịch sử,7229010,D15,23.9,
Đại học KHXH và Nhân văn,62,Ngôn ngữ học,7229020,C00,26.6,
Đại học KHXH và Nhân văn,63,Ngôn ngữ học,7229020,D01,22.2,
Đại học KHXH và Nhân văn,64,Ngôn ngữ học,7229020,D14,24.0,
Đại học KHXH và Nhân văn,65,Văn học,7229030,C00,26.92,
Đại học KHXH và Nhân văn,66,Văn học,7229030,D01,23.15,
Đại học KHXH và Nhân văn,67,Văn học,7229030,D14,24.6,
Đại học KHXH và Nhân văn,68,Văn hóa học,7229040,C00,27.35,
Đại học KHXH và Nhân văn,69,Văn hóa học,7229040,D01,23.1,
Đại học KHXH và Nhân văn,70,Văn hóa học,7229040,D14,24.15,
Đại học KHXH và Nhân văn,71,Văn hóa học,7229040,D15,24.3,
Đại học KHXH và Nhân văn,72,Quan hệ quốc tế,7310206,D01,23.5,
Đại học KHXH và Nhân văn,73,Quan hệ quốc tế,7310206,D14,24.2,
Đại học KHXH và Nhân văn,74,Quan hệ quốc tế (Chuẩn QT),7310206_CLC,D01,23.45,
Đại học KHXH và Nhân văn,75,Quan hệ quốc tế (Chuẩn QT),7310206_CLC,D14,24.1,
Đại học KHXH và Nhân văn,76,Xã hội học,7310301,A00,23.9,
Đại học KHXH và Nhân văn,77,Xã hội học,7310301,C00,26.9,
Đại học KHXH và Nhân văn,78,Xã hội học,7310301,D01,23.1,
Đại học KHXH và Nhân văn,79,Xã hội học,7310301,D14,23.4,
Đại học KHXH và Nhân văn,80,Nhân học,7310302,C00,26.2,
Đại học KHXH và Nhân văn,81,Nhân học,7310302,D01,22.4,
Đại học KHXH và Nhân văn,82,Nhân học,7310302,D14,22.7,
Đại học KHXH và Nhân văn,83,Nhân học,7310302,D15,23.1,
Đại học KHXH và Nhân văn,84,Tâm lý học,7310401,B00,25.3,
Đại học KHXH và Nhân văn,85,Tâm lý học,7310401,C00,27.75,
Đại học KHXH và Nhân văn,86,Tâm lý học,7310401,D01,24.4,
Đại học KHXH và Nhân văn,87,Tâm lý học,7310401,D14,24.95,
Đại học KHXH và Nhân văn,88,Tâm lý học giáo dục,7310403,B00,23.6,
Đại học KHXH và Nhân văn,89,Tâm lý học giáo dục,7310403,B08,22.3,
Đại học KHXH và Nhân văn,90,Tâm lý học giáo dục,7310403,D01,22.8,
Đại học KHXH và Nhân văn,91,Tâm lý học giáo dục,7310403,D14,23.5,
Đại học KHXH và Nhân văn,92,Địa lý học,7310501,A01,22.3,
Đại học KHXH và Nhân văn,93,Địa lý học,7310501,C00,27.13,
Đại học KHXH và Nhân văn,94,Địa lý học,7310501,D01,22.0,
Đại học KHXH và Nhân văn,95,Địa lý học,7310501,D15,25.0,
Đại học KHXH và Nhân văn,96,Quốc tế học,7310601,D01,23.3,
Đại học KHXH và Nhân văn,97,Quốc tế học,7310601,D09,24.0,
Đại học KHXH và Nhân văn,98,Quốc tế học,7310601,D14,24.0,
Đại học KHXH và Nhân văn,99,Quốc tế học,7310601,D15,24.0,
Đại học KHXH và Nhân văn,100,Đông phương học,7310608,D01,21.9,
Đại học KHXH và Nhân văn,101,Đông phương học,7310608,D04,22.7,
Đại học KHXH và Nhân văn,102,Đông phương học,7310608,D14,22.3,
Đại học KHXH và Nhân văn,103,Đông phương học,7310608,D15,22.5,
Đại học KHXH và Nhân văn,104,Nhật Bản học,7310613,D06,21.9,
Đại học KHXH và Nhân văn,105,Nhật Bản học,7310613,D01,22.2,
Đại học KHXH và Nhân văn,106,Nhật Bản học,7310613,D14,22.4,
Đại học KHXH và Nhân văn,107,Nhật Bản học,7310613,D63,22.9,
Đại học KHXH và Nhân văn,108,Nhật Bản học (Chuẩn Quốc tế),7310613_CLC,D01,20.5,
Đại học KHXH và Nhân văn,109,Nhật Bản học (Chuẩn Quốc tế),7310613_CLC,D06,21.0,
Đại học KHXH và Nhân văn,110,Nhật Bản học (Chuẩn Quốc tế),7310613_CLC,D14,20.5,
Đại học KHXH và Nhân văn,111,Nhật Bản học (Chuẩn Quốc tế),7310613_CLC,D63,21.0,
Đại học KHXH và Nhân văn,112,Hàn Quốc học,7310614,D01,22.25,
Đại học KHXH và Nhân văn,113,Hàn Quốc học,7310614,D14,22.25,
Đại học KHXH và Nhân văn,114,Hàn Quốc học,7310614,DD2,21.9,
Đại học KHXH và Nhân văn,115,Hàn Quốc học,7310614,DH5,21.9,
Đại học KHXH và Nhân văn,116,Việt Nam học,7310630,C00,27.2,
Đại học KHXH và Nhân văn,117,Việt Nam học,7310630,D01,22.0,
Đại học KHXH và Nhân văn,118,Việt Nam học,7310630,D14,23.4,
Đại học KHXH và Nhân văn,119,Việt Nam học,7310630,D15,23.5,
Đại học KHXH và Nhân văn,120,"Quan hệ quốc tế (Liên kết ĐH Deakin, Úc)",7310630_LKH,D01,22.0,
Đại học KHXH và Nhân văn,121,"Quan hệ quốc tế (Liên kết ĐH Deakin, Úc)",7310630_LKH,D14,22.0,
Đại học KHXH và Nhân văn,122,Kinh doanh thương mại Hàn Quốc,73106a1,D01,22.2,
Đại học KHXH và Nhân văn,123,Kinh doanh thương mại Hàn Quốc,73106a1,D14,23.0,
Đại học KHXH và Nhân văn,124,Kinh doanh thương mại Hàn Quốc,73106a1,DD2,22.5,
Đại học KHXH và Nhân văn,125,Kinh doanh thương mại Hàn Quốc,73106a1,DH5,22.5,
Đại học KHXH và Nhân văn,126,Báo chí,7320101,D01,24.3,
Đại học KHXH và Nhân văn,127,Báo chí,7320101,D14,24.55,
Đại học KHXH và Nhân văn,128,Báo chí,7320101,C00,28.55,
Đại học KHXH và Nhân văn,129,Báo chí (Chuẩn Quốc tế),7320101_CLC,D01,22.9,
Đại học KHXH và Nhân văn,130,Báo chí (Chuẩn Quốc tế),7320101_CLC,C00,27.0,
Đại học KHXH và Nhân văn,131,Báo chí (Chuẩn Quốc tế),7320101_CLC,D14,24.5,
Đại học KHXH và Nhân văn,132,"Truyền thông (chuyên ngành Báo chí) (Liên kết ĐH Deakin, Úc)",7320101_LKH,A01,22.5,
Đại học KHXH và Nhân văn,133,"Truyền thông (chuyên ngành Báo chí) (Liên kết ĐH Deakin, Úc)",7320101_LKH,D01,22.5,
Đại học KHXH và Nhân văn,134,"Truyền thông (chuyên ngành Báo chí) (Liên kết ĐH Deakin, Úc)",7320101_LKH,D14,23.1,
Đại học KHXH và Nhân văn,135,"Truyền thông (chuyên ngành Báo chí) (Liên kết ĐH Deakin, Úc)",7320101_LKH,D15,23.1,
Đại học KHXH và Nhân văn,136,Truyền thông đa phương tiện,7320104,D01,25.3,
Đại học KHXH và Nhân văn,137,Truyền thông đa phương tiện,7320104,D14,26.1,
Đại học KHXH và Nhân văn,138,Truyền thông đa phương tiện,7320104,D15,26.1,
Đại học KHXH và Nhân văn,139,Thông tin - Thư viện,7320201,A01,22.0,
Đại học KHXH và Nhân văn,140,Thông tin - Thư viện,7320201,C00,25.9,
Đại học KHXH và Nhân văn,141,Thông tin - Thư viện,7320201,D01,21.6,
Đại học KHXH và Nhân văn,142,Thông tin - Thư viện,7320201,D14,22.25,
Đại học KHXH và Nhân văn,143,Quản lý thông tin,7320205,A01,23.8,
Đại học KHXH và Nhân văn,144,Quản lý thông tin,7320205,C00,26.7,
Đại học KHXH và Nhân văn,145,Quản lý thông tin,7320205,D01,22.4,
Đại học KHXH và Nhân văn,146,Quản lý thông tin,7320205,D14,22.6,
Đại học KHXH và Nhân văn,147,Lưu trữ học,7320303,C00,26.3,
Đại học KHXH và Nhân văn,148,Lưu trữ học,7320303,D01,22.0,
Đại học KHXH và Nhân văn,149,Lưu trữ học,7320303,D14,22.6,
Đại học KHXH và Nhân văn,150,Lưu trữ học,7320303,D15,23.1,
Đại học KHXH và Nhân văn,151,Quản trị văn phòng,7340406,C00,27.2,
Đại học KHXH và Nhân văn,152,Quản trị văn phòng,7340406,D01,22.8,
Đại học KHXH và Nhân văn,153,Quản trị văn phòng,7340406,D14,23.8,
Đại học KHXH và Nhân văn,154,Quản trị văn phòng,7340406,D15,23.8,
Đại học KHXH và Nhân văn,155,Đô thị học,7580112,A01,21.9,
Đại học KHXH và Nhân văn,156,Đô thị học,7580112,C00,25.55,
Đại học KHXH và Nhân văn,157,Đô thị học,7580112,D01,21.0,
Đại học KHXH và Nhân văn,158,Đô thị học,7580112,D14,21.1,
Đại học KHXH và Nhân văn,159,Công tác xã hội,7760101,C00,26.4,
Đại học KHXH và Nhân văn,160,Công tác xã hội,7760101,D01,22.4,
Đại học KHXH và Nhân văn,161,Công tác xã hội,7760101,D14,23.6,
Đại học KHXH và Nhân văn,162,Công tác xã hội,7760101,D15,23.6,
Đại học KHXH và Nhân văn,163,Quản trị dịch vụ du lịch và lữ hành,7810103,C00,27.65,
Đại học KHXH và Nhân văn,164,Quản trị dịch vụ du lịch và lữ hành,7810103,D01,23.4,
Đại học KHXH và Nhân văn,165,Quản trị dịch vụ du lịch và lữ hành,7810103,D14,24.1,
Đại học KHXH và Nhân văn,166,Quản trị dịch vụ du lịch và lữ hành,7810103,D15,24.35,
Đại học KHXH và Nhân văn,167,Quản trị DV du lịch và lữ hành (QT),7810103_CLC,C00,26.4,
Đại học KHXH và Nhân văn,168,Quản trị DV du lịch và lữ hành (QT),7810103_CLC,D01,22.4,
Đại học KHXH và Nhân văn,169,Quản trị DV du lịch và lữ hành (QT),7810103_CLC,D14,23.3,
Đại học KHXH và Nhân văn,170,Quản trị DV du lịch và lữ hành (QT),7810103_CLC,D15,24.4,
Đại học Quốc tế,3,Toán – Tin học (Công nghệ thông tin (CTLK với ĐH West of England) (4+0); Công nghệ thông tin (CTLK với ĐH Macquarie) (2+1); Khoa học máy tính (CTLK với ĐH West of England) (2+2); Công nghệ thông tin (CTLK với ĐH Deakin) (2+2); Công nghệ thông tin (CTLK với ĐH Deakin) (3+1)),AP03,A00; A01; X26; X06; X10,20.0,
Đại học Quốc tế,4,Khoa học sự sống và Hóa học (Công nghệ sinh học (CTLK với ĐH West of England) (2+2); Công nghệ sinh học định hướng Y Sinh (CTLK với ĐH West of England) (4+0)),AP04,A00; B00; D07; B08; C08; D12; D13,19.75,
Đại học Quốc tế,5,Kỹ thuật (Kỹ thuật điện tử – viễn thông (CTLK với ĐH West of England) (2+2); Kỹ thuật xây dựng (CTLK với ĐH Deakin) (2+2)),AP05,A00; A01; B00; D07; B08; D01,17.5,
Đại học Quốc tế,8,Toán – Tin học (Nhóm ngành: Công nghệ thông tin; Khoa học máy tính; Khoa học dữ liệu; Toán ứng dụng (Kỹ thuật Tài chính và Quản trị rủi ro); Thống kê (Thống kê ứng dụng)),IU03,A00; A01; X26; X06; X10,21.0,
Đại học Quốc tế,9,Khoa học sự sống và Hóa học (Nhóm ngành: Công nghệ sinh học; Công nghệ thực phẩm; Hóa học (Hóa sinh); Kỹ thuật hóa học),IU04,A00; B00; D07; B08; C08; D12; D13,18.5,
Đại học Quốc tế,10,Kỹ thuật (Nhóm ngành: Logistics và Quản lý chuỗi cung ứng; Kỹ thuật hệ thống công nghiệp; Kỹ thuật điện tử – viễn thông; Kỹ thuật điều khiển và tự động hóa; Kỹ thuật y sinh; Kỹ thuật không gian (Phân tích và ứng dụng dữ liệu lớn); Kỹ thuật xây dựng; Quản lý xây dựng),IU05,A00; A01; B00; D07; B08; D01,19.5,
Đại học An Giang,1,Giáo dục Mầm non,7140201,A00; A02; X01; X06; X08; X10; A01; A03; A04; A05; A06; A07; X05; X24; X26; B00; B02; B03; B08; X04; X12; X14; X20; X65; D01; D07; D09; D10; D14; D15; X25; X27; X28; X78; X80; X81; M00; M01; M26; M27; M28; M29; M30,23.48,Nhóm 1
Đại học An Giang,2,Giáo dục Tiểu học,7140202,C01; C02; C03; C04; C08; X17; X70; X74,23.28,Nhóm 3
Đại học An Giang,3,Giáo dục Tiểu học,7140202,A00; A02; X01; X06; X08; X10; A01; A03; A04; A05; A06; A07; X05; X24; X26; B00; B02; B03; B08; X04; X12; X14; X20; X65; D01; D07; D09; D10; D14; D15; X25; X27; X28; X78; X80; X81; M00; M01; M26; M27; M28; M29; M30,23.01,Nhóm 1
Đại học An Giang,4,Giáo dục Chính trị,7140205,C01; C02; C03; C04; C08; X17; X70; X74,25.13,Nhóm 3
Đại học An Giang,5,Giáo dục Chính trị,7140205,A00; A02; X01; X06; X08; X10; A01; A03; A04; A05; A06; A07; X05; X24; X26; B00; B02; B03; B08; X04; X12; X14; X20; X65; D01; D07; D09; D10; D14; D15; X25; X27; X28; X78; X80; X81; M00; M01; M26; M27; M28; M29; M30,25.3,Nhóm 1
Đại học An Giang,6,Giáo dục Chính trị,7140205,C00,28.0,Nhóm 2
Đại học An Giang,7,Sư phạm Toán học,7140209,C01; C02; C03; C04; C08; X17; X70; X74,25.95,Nhóm 3
Đại học An Giang,8,Sư phạm Toán học,7140209,A00; A02; X01; X06; X08; X10; A01; A03; A04; A05; A06; A07; X05; X24; X26; B00; B02; B03; B08; X04; X12; X14; X20; X65; D01; D07; D09; D10; D14; D15; X25; X27; X28; X78; X80; X81; M00; M01; M26; M27; M28; M29; M30,26.33,Nhóm 1
Đại học An Giang,9,Sư phạm Vật lý,7140211,C01; C02; C03; C04; C08; X17; X70; X74,25.18,Nhóm 3
Đại học An Giang,10,Sư phạm Vật lý,7140211,A00; A02; X01; X06; X08; X10; A01; A03; A04; A05; A06; A07; X05; X24; X26; B00; B02; B03; B08; X04; X12; X14; X20; X65; D01; D07; D09; D10; D14; D15; X25; X27; X28; X78; X80; X81; M00; M01; M26; M27; M28; M29; M30,25.32,Nhóm 1
Đại học An Giang,11,Sư phạm Hóa học,7140212,A00; A02; X01; X06; X08; X10; A01; A03; A04; A05; A06; A07; X05; X24; X26; B00; B02; B03; B08; X04; X12; X14; X20; X65; D01; D07; D09; D10; D14; D15; X25; X27; X28; X78; X80; X81; M00; M01; M26; M27; M28; M29; M30,24.92,Nhóm 1
Đại học An Giang,12,Sư phạm Hóa học,7140212,C01; C02; C03; C04; C08; X17; X70; X74,24.75,Nhóm 3
Đại học An Giang,13,Sư phạm Sinh học,7140213,A00; A02; X01; X06; X08; X10; A01; A03; A04; A05; A06; A07; X05; X24; X26; B00; B02; B03; B08; X04; X12; X14; X20; X65; D01; D07; D09; D10; D14; D15; X25; X27; X28; X78; X80; X81; M00; M01; M26; M27; M28; M29; M30,23.49,Nhóm 1
Đại học An Giang,14,Sư phạm Ngữ văn,7140217,C00,27.68,Nhóm 2
Đại học An Giang,15,Sư phạm Ngữ văn,7140217,A00; A02; X01; X06; X08; X10; A01; A03; A04; A05; A06; A07; X05; X24; X26; B00; B02; B03; B08; X04; X12; X14; X20; X65; D01; D07; D09; D10; D14; D15; X25; X27; X28; X78; X80; X81; M00; M01; M26; M27; M28; M29; M30,24.71,Nhóm 1
Đại học An Giang,16,Sư phạm Ngữ văn,7140217,C01; C02; C03; C04; C08; X17; X70; X74,24.65,Nhóm 3
Đại học An Giang,17,Sư phạm Lịch sử,7140218,C00,28.75,Nhóm 2
Đại học An Giang,18,Sư phạm Lịch sử,7140218,A00; A02; X01; X06; X08; X10; A01; A03; A04; A05; A06; A07; X05; X24; X26; B00; B02; B03; B08; X04; X12; X14; X20; X65; D01; D07; D09; D10; D14; D15; X25; X27; X28; X78; X80; X81; M00; M01; M26; M27; M28; M29; M30,26.28,Nhóm 1
Đại học An Giang,19,Sư phạm Lịch sử,7140218,C01; C02; C03; C04; C08; X17; X70; X74,25.83,Nhóm 3
Đại học An Giang,20,Sư phạm Địa lý,7140219,C01; C02; C03; C04; C08; X17; X70; X74,25.53,Nhóm 3
Đại học An Giang,21,Sư phạm Địa lý,7140219,C00,28.25,Nhóm 2
Đại học An Giang,22,Sư phạm Địa lý,7140219,A00; A02; X01; X06; X08; X10; A01; A03; A04; A05; A06; A07; X05; X24; X26; B00; B02; B03; B08; X04; X12; X14; X20; X65; D01; D07; D09; D10; D14; D15; X25; X27; X28; X78; X80; X81; M00; M01; M26; M27; M28; M29; M30,25.91,Nhóm 1
Đại học An Giang,23,Sư phạm Tiếng Anh,7140231,A00; A02; X01; X06; X08; X10; A01; A03; A04; A05; A06; A07; X05; X24; X26; B00; B02; B03; B08; X04; X12; X14; X20; X65; D01; D07; D09; D10; D14; D15; X25; X27; X28; X78; X80; X81; M00; M01; M26; M27; M28; M29; M30,23.08,Nhóm 1
Đại học An Giang,24,Sư phạm Khoa học tự nhiên,7140247,C01; C02; C03; C04; C08; X17; X70; X74,24.4,Nhóm 3
Đại học An Giang,25,Sư phạm Khoa học tự nhiên,7140247,A00; A02; X01; X06; X08; X10; A01; A03; A04; A05; A06; A07; X05; X24; X26; B00; B02; B03; B08; X04; X12; X14; X20; X65; D01; D07; D09; D10; D14; D15; X25; X27; X28; X78; X80; X81; M00; M01; M26; M27; M28; M29; M30,24.48,Nhóm 1
Đại học An Giang,26,Sư phạm Lịch sử - Địa lý,7140249,C01; C02; C03; C04; C08; X17; X70; X74,24.87,Nhóm 3
Đại học An Giang,27,Sư phạm Lịch sử - Địa lý,7140249,A00; A02; X01; X06; X08; X10; A01; A03; A04; A05; A06; A07; X05; X24; X26; B00; B02; B03; B08; X04; X12; X14; X20; X65; D01; D07; D09; D10; D14; D15; X25; X27; X28; X78; X80; X81; M00; M01; M26; M27; M28; M29; M30,25.01,Nhóm 1
Đại học An Giang,28,Sư phạm Lịch sử - Địa lý,7140249,C00,27.75,Nhóm 2
Đại học An Giang,29,Ngôn ngữ Anh,7220201,A00; A02; X01; X06; X08; X10; A01; A03; A04; A05; A06; A07; X05; X24; X26; B00; B02; B03; B08; X04; X12; X14; X20; X65; D01; D07; D09; D10; D14; D15; X25; X27; X28; X78; X80; X81; M00; M01; M26; M27; M28; M29; M30,16.34,Nhóm 1
Đại học An Giang,30,Triết học,7229001,C00,24.8,Nhóm 2
Đại học An Giang,31,Triết học,7229001,A00; A02; X01; X06; X08; X10; A01; A03; A04; A05; A06; A07; X05; X24; X26; B00; B02; B03; B08; X04; X12; X14; X20; X65; D01; D07; D09; D10; D14; D15; X25; X27; X28; X78; X80; X81; M00; M01; M26; M27; M28; M29; M30,21.52,Nhóm 1
Đại học An Giang,32,Triết học,7229001,C01; C02; C03; C04; C08; X17; X70; X74,22.04,Nhóm 3
Đại học An Giang,33,Văn học,7229030,C00,26.0,Nhóm 2
Đại học An Giang,34,Văn học,7229030,A00; A02; X01; X06; X08; X10; A01; A03; A04; A05; A06; A07; X05; X24; X26; B00; B02; B03; B08; X04; X12; X14; X20; X65; D01; D07; D09; D10; D14; D15; X25; X27; X28; X78; X80; X81; M00; M01; M26; M27; M28; M29; M30,22.72,Nhóm 1
Đại học An Giang,35,Văn học,7229030,C01; C02; C03; C04; C08; X17; X70; X74,23.04,Nhóm 3
Đại học An Giang,36,Kinh tế quốc tế,7310106,A00; A02; X01; X06; X08; X10; A01; A03; A04; A05; A06; A07; X05; X24; X26; B00; B02; B03; B08; X04; X12; X14; X20; X65; D01; D07; D09; D10; D14; D15; X25; X27; X28; X78; X80; X81; M00; M01; M26; M27; M28; M29; M30,16.0,Nhóm 1
Đại học An Giang,37,Việt Nam học,7310630,A00; A02; X01; X06; X08; X10; A01; A03; A04; A05; A06; A07; X05; X24; X26; B00; B02; B03; B08; X04; X12; X14; X20; X65; D01; D07; D09; D10; D14; D15; X25; X27; X28; X78; X80; X81; M00; M01; M26; M27; M28; M29; M30,19.8,Nhóm 1
Đại học An Giang,38,Việt Nam học,7310630,C01; C02; C03; C04; C08; X17; X70; X74,20.75,Nhóm 3
Đại học An Giang,39,Việt Nam học,7310630,C00,23.13,Nhóm 2
Đại học An Giang,40,Quản trị kinh doanh,7340101,A00; A02; X01; X06; X08; X10; A01; A03; A04; A05; A06; A07; X05; X24; X26; B00; B02; B03; B08; X04; X12; X14; X20; X65; D01; D07; D09; D10; D14; D15; X25; X27; X28; X78; X80; X81; M00; M01; M26; M27; M28; M29; M30,16.5,Nhóm 1
Đại học An Giang,41,Marketing,7340115,A00; A02; X01; X06; X08; X10; A01; A03; A04; A05; A06; A07; X05; X24; X26; B00; B02; B03; B08; X04; X12; X14; X20; X65; D01; D07; D09; D10; D14; D15; X25; X27; X28; X78; X80; X81; M00; M01; M26; M27; M28; M29; M30,17.0,Nhóm 1
Đại học An Giang,42,Tài chính - Ngân hàng,7340201,A00; A02; X01; X06; X08; X10; A01; A03; A04; A05; A06; A07; X05; X24; X26; B00; B02; B03; B08; X04; X12; X14; X20; X65; D01; D07; D09; D10; D14; D15; X25; X27; X28; X78; X80; X81; M00; M01; M26; M27; M28; M29; M30,16.0,Nhóm 1
Đại học An Giang,43,Kế toán,7340301,A00; A02; X01; X06; X08; X10; A01; A03; A04; A05; A06; A07; X05; X24; X26; B00; B02; B03; B08; X04; X12; X14; X20; X65; D01; D07; D09; D10; D14; D15; X25; X27; X28; X78; X80; X81; M00; M01; M26; M27; M28; M29; M30,16.5,Nhóm 1
Đại học An Giang,44,Luật,7380101,A00; A02; X01; X06; X08; X10; A01; A03; A04; A05; A06; A07; X05; X24; X26; B00; B02; B03; B08; X04; X12; X14; X20; X65; D01; D07; D09; D10; D14; D15; X25; X27; X28; X78; X80; X81; M00; M01; M26; M27; M28; M29; M30,19.0,Nhóm 1
Đại học An Giang,45,Công nghệ sinh học,7420201,A00; A02; X01; X06; X08; X10; A01; A03; A04; A05; A06; A07; X05; X24; X26; B00; B02; B03; B08; X04; X12; X14; X20; X65; D01; D07; D09; D10; D14; D15; X25; X27; X28; X78; X80; X81; M00; M01; M26; M27; M28; M29; M30,16.0,Nhóm 1
Đại học An Giang,46,Công nghệ sinh học,7420201,C01; C02; C03; C04; C08; X17; X70; X74,16.25,Nhóm 3
Đại học An Giang,47,Kỹ thuật phần mềm,7480103,A00; A02; X01; X06; X08; X10; A01; A03; A04; A05; A06; A07; X05; X24; X26; B00; B02; B03; B08; X04; X12; X14; X20; X65; D01; D07; D09; D10; D14; D15; X25; X27; X28; X78; X80; X81; M00; M01; M26; M27; M28; M29; M30,16.0,Nhóm 1
Đại học An Giang,48,Kỹ thuật phần mềm,7480103,C01; C02; C03; C04; C08; X17; X70; X74,16.25,Nhóm 3
Đại học An Giang,49,Công nghệ thông tin,7480201,A00; A02; X01; X06; X08; X10; A01; A03; A04; A05; A06; A07; X05; X24; X26; B00; B02; B03; B08; X04; X12; X14; X20; X65; D01; D07; D09; D10; D14; D15; X25; X27; X28; X78; X80; X81; M00; M01; M26; M27; M28; M29; M30,16.0,Nhóm 1
Đại học An Giang,50,Công nghệ thông tin,7480201,C01; C02; C03; C04; C08; X17; X70; X74,16.25,Nhóm 3
Đại học An Giang,51,Công nghệ kỹ thuật hoá học,7510401,A00; A02; X01; X06; X08; X10; A01; A03; A04; A05; A06; A07; X05; X24; X26; B00; B02; B03; B08; X04; X12; X14; X20; X65; D01; D07; D09; D10; D14; D15; X25; X27; X28; X78; X80; X81; M00; M01; M26; M27; M28; M29; M30,16.0,Nhóm 1
Đại học An Giang,52,Công nghệ kỹ thuật hoá học,7510401,C01; C02; C03; C04; C08; X17; X70; X74,16.25,Nhóm 3
Đại học An Giang,53,Công nghệ kỹ thuật môi trường,7510406,A00; A02; X01; X06; X08; X10; A01; A03; A04; A05; A06; A07; X05; X24; X26; B00; B02; B03; B08; X04; X12; X14; X20; X65; D01; D07; D09; D10; D14; D15; X25; X27; X28; X78; X80; X81; M00; M01; M26; M27; M28; M29; M30,16.2,Nhóm 1
Đại học An Giang,54,Công nghệ kỹ thuật môi trường,7510406,C01; C02; C03; C04; C08; X17; X70; X74,16.75,Nhóm 3
Đại học An Giang,55,Công nghệ thực phẩm,7540101,A00; A02; X01; X06; X08; X10; A01; A03; A04; A05; A06; A07; X05; X24; X26; B00; B02; B03; B08; X04; X12; X14; X20; X65; D01; D07; D09; D10; D14; D15; X25; X27; X28; X78; X80; X81; M00; M01; M26; M27; M28; M29; M30,16.0,Nhóm 1
Đại học An Giang,56,Công nghệ thực phẩm,7540101,C01; C02; C03; C04; C08; X17; X70; X74,16.25,Nhóm 3
Đại học An Giang,57,Công nghệ sau thu hoạch,7540104,A00; A02; X01; X06; X08; X10; A01; A03; A04; A05; A06; A07; X05; X24; X26; B00; B02; B03; B08; X04; X12; X14; X20; X65; D01; D07; D09; D10; D14; D15; X25; X27; X28; X78; X80; X81; M00; M01; M26; M27; M28; M29; M30,16.0,Nhóm 1
Đại học An Giang,58,Công nghệ sau thu hoạch,7540104,C01; C02; C03; C04; C08; X17; X70; X74,16.25,Nhóm 3
Đại học An Giang,59,Đảm bảo chất lượng và an toàn thực phẩm,7540106,C01; C02; C03; C04; C08; X17; X70; X74,16.25,Nhóm 3
Đại học An Giang,60,Đảm bảo chất lượng và an toàn thực phẩm,7540106,A00; A02; X01; X06; X08; X10; A01; A03; A04; A05; A06; A07; X05; X24; X26; B00; B02; B03; B08; X04; X12; X14; X20; X65; D01; D07; D09; D10; D14; D15; X25; X27; X28; X78; X80; X81; M00; M01; M26; M27; M28; M29; M30,16.0,Nhóm 1
Đại học An Giang,61,Chăn nuôi,7620105,C01; C02; C03; C04; C08; X17; X70; X74,16.25,Nhóm 3
Đại học An Giang,62,Chăn nuôi,7620105,A00; A02; X01; X06; X08; X10; A01; A03; A04; A05; A06; A07; X05; X24; X26; B00; B02; B03; B08; X04; X12; X14; X20; X65; D01; D07; D09; D10; D14; D15; X25; X27; X28; X78; X80; X81; M00; M01; M26; M27; M28; M29; M30,16.0,Nhóm 1
Đại học An Giang,63,Khoa học cây trồng,7620110,A00; A02; X01; X06; X08; X10; A01; A03; A04; A05; A06; A07; X05; X24; X26; B00; B02; B03; B08; X04; X12; X14; X20; X65; D01; D07; D09; D10; D14; D15; X25; X27; X28; X78; X80; X81; M00; M01; M26; M27; M28; M29; M30,16.0,Nhóm 1
Đại học An Giang,64,Khoa học cây trồng,7620110,C01; C02; C03; C04; C08; X17; X70; X74,16.25,Nhóm 3
Đại học An Giang,65,Bảo vệ thực vật,7620112,A00; A02; X01; X06; X08; X10; A01; A03; A04; A05; A06; A07; X05; X24; X26; B00; B02; B03; B08; X04; X12; X14; X20; X65; D01; D07; D09; D10; D14; D15; X25; X27; X28; X78; X80; X81; M00; M01; M26; M27; M28; M29; M30,16.0,Nhóm 1
Đại học An Giang,66,Bảo vệ thực vật,7620112,C01; C02; C03; C04; C08; X17; X70; X74,16.25,Nhóm 3
Đại học An Giang,67,Phát triển nông thôn,7620116,A00; A02; X01; X06; X08; X10; A01; A03; A04; A05; A06; A07; X05; X24; X26; B00; B02; B03; B08; X04; X12; X14; X20; X65; D01; D07; D09; D10; D14; D15; X25; X27; X28; X78; X80; X81; M00; M01; M26; M27; M28; M29; M30,16.0,Nhóm 1
Đại học An Giang,68,Phát triển nông thôn,7620116,C01; C02; C03; C04; C08; X17; X70; X74,16.25,Nhóm 3
Đại học An Giang,69,Phát triển nông thôn,7620116,C00,17.75,Nhóm 2
Đại học An Giang,70,Công nghệ nông nghiệp số,7620190,A00; A02; X01; X06; X08; X10; A01; A03; A04; A05; A06; A07; X05; X24; X26; B00; B02; B03; B08; X04; X12; X14; X20; X65; D01; D07; D09; D10; D14; D15; X25; X27; X28; X78; X80; X81; M00; M01; M26; M27; M28; M29; M30,16.0,Nhóm 1
Đại học An Giang,71,Kinh doanh nông nghiệp số,7620191,A00; A02; X01; X06; X08; X10; A01; A03; A04; A05; A06; A07; X05; X24; X26; B00; B02; B03; B08; X04; X12; X14; X20; X65; D01; D07; D09; D10; D14; D15; X25; X27; X28; X78; X80; X81; M00; M01; M26; M27; M28; M29; M30,16.0,Nhóm 1
Đại học An Giang,72,Kinh doanh nông nghiệp số,7620191,C01; C02; C03; C04; C08; X17; X70; X74,16.25,Nhóm 3
Đại học An Giang,73,Nuôi trồng thủy sản,7620301,A00; A02; X01; X06; X08; X10; A01; A03; A04; A05; A06; A07; X05; X24; X26; B00; B02; B03; B08; X04; X12; X14; X20; X65; D01; D07; D09; D10; D14; D15; X25; X27; X28; X78; X80; X81; M00; M01; M26; M27; M28; M29; M30,16.0,Nhóm 1
Đại học An Giang,74,Nuôi trồng thủy sản,7620301,C01; C02; C03; C04; C08; X17; X70; X74,16.25,Nhóm 3
Đại học An Giang,75,Thú y,7640101,A00; A02; X01; X06; X08; X10; A01; A03; A04; A05; A06; A07; X05; X24; X26; B00; B02; B03; B08; X04; X12; X14; X20; X65; D01; D07; D09; D10; D14; D15; X25; X27; X28; X78; X80; X81; M00; M01; M26; M27; M28; M29; M30,18.5,Nhóm 1
Đại học An Giang,76,Thú y,7640101,C01; C02; C03; C04; C08; X17; X70; X74,19.5,Nhóm 3
Đại học An Giang,77,Quản lý tài nguyên và môi trường,7850101,A00; A02; X01; X06; X08; X10; A01; A03; A04; A05; A06; A07; X05; X24; X26; B00; B02; B03; B08; X04; X12; X14; X20; X65; D01; D07; D09; D10; D14; D15; X25; X27; X28; X78; X80; X81; M00; M01; M26; M27; M28; M29; M30,16.0,Nhóm 1
Đại học An Giang,78,Quản lý tài nguyên và môi trường,7850101,C01; C02; C03; C04; C08; X17; X70; X74,16.25,Nhóm 3
